Time (ps),Event,x position,y position,Running Coverage - A,Running Coverage - B,empty sites,% coverage
0.0,start,0,0,0,0,20,100.0
2.2531766179032542,k_A,0,6,1,0,19,95.0
2.7973556164705853,k_A,2,14,2,0,18,90.0
3.2177263491602237,k_A,0,16,3,0,17,85.0
5.2799666340359339,k_A,2,6,4,0,16,80.0
5.5276914009410749,k_A,0,18,5,0,15,75.0
8.9519170131379902,k_B,2,2,5,1,14,70.0
11.176811319307202,k_Ax,2,6,4,1,15,75.0
