Time (ps),Event,x position,y position,Running Coverage - A,Running Coverage - B,empty sites,% coverage
0.0,start,0,0,0,0,50,100.0
1.8113949033489909,k_A,0,6,1,0,49,98.0
3.0477806657292854,k_A,2,8,2,0,48,96.0
3.4397547999888669,k_A,4,14,3,0,47,94.0
7.0576325966822004,k_A,8,0,4,0,46,92.0
9.4028715083574248,k_A,8,2,5,0,45,90.0
10.125427008376121,k_A,6,10,6,0,44,88.0
