Time (ps),Event,x position,y position,Running Coverage - A,Running Coverage - B,empty sites,% coverage
0.0,start,0,0,0,0,100,100.0
3.4068935993585807,k_A,2,0,1,0,99,99.0
6.0107762974339654,k_A,4,0,2,0,98,98.0
6.415722405724952,k_A,14,10,3,0,97,97.0
7.2227257559688729,k_A,6,6,4,0,96,96.0
8.2107737423121971,k_A,10,4,5,0,95,95.0
8.388551895682637,k_A,14,14,6,0,94,94.0
8.8226505094243315,k_A,8,10,7,0,93,93.0
10.044410211336604,k_A,14,2,8,0,92,92.0
